{
  "lstm": 0.19608415692339534,
  "stumpy": 0.17867002720896186,
  "random_forest": 0.19307250280614996,
  "gradient_boosting": 0.19741567530209914,
  "arima": 0.19491557009993846,
  "darts": 0.019921033829727614,
  "prophet": 0.019921033829727614
}